{"cameraMode":{"drawMode":0,"name":"Shaded","section":"Shading Mode"},"sceneLighting":true,"audioPlay":false,"sceneViewState":{"showFog":true,"showMaterialUpdate":false,"showSkybox":true,"showFlares":true,"showImageEffects":true,"showParticleSystems":true},"in2DMode":false,"pivot":{"x":73.50439453125,"y":68.9170150756836,"z":40.65271759033203},"rotation":{"x":-0.015851516276597978,"y":-0.6556291580200195,"z":0.01377135794609785,"w":-0.7547978162765503},"size":200.1307830810547,"orthographic":false}