{"cameraMode":{"drawMode":0,"name":"Shaded","section":"Shading Mode"},"sceneLighting":true,"audioPlay":false,"sceneViewState":{"showFog":true,"showMaterialUpdate":false,"showSkybox":true,"showFlares":true,"showImageEffects":true,"showParticleSystems":true},"in2DMode":false,"pivot":{"x":-302.8575744628906,"y":-279.61968994140627,"z":110.70343017578125},"rotation":{"x":0.0135723277926445,"y":-0.9422049522399902,"z":0.3325611352920532,"w":0.03845439478754997},"size":978.9899291992188,"orthographic":false}